asn,category,organization
60729,tor_exit,Stiftung Erneuerbare Freiheit
53667,tor_exit,FranTech Solutions
208323,tor_exit,Foundation for Applied Privacy
4224,tor_exit,Calyx Institute
208294,tor_exit,Quintex Alliance Consulting
24940,hosting_provider,Hetzner Online
16276,hosting_provider,OVH
14061,hosting_provider,DigitalOcean
16509,hosting_provider,Amazon AWS
14618,hosting_provider,Amazon AWS
396982,hosting_provider,Google Cloud
63949,hosting_provider,Akamai Linode
20473,hosting_provider,Vultr (Choopa)
51167,hosting_provider,Contabo
